course_id,title,description,topics
1,Proactive demand-driven methodology,Wife training run yourself they performance run. Learn fall tough resource. Main say goal nor compare board evening.,"[{'title': 'fly', 'subtopics': [{'title': 'Stand-alone eco-centric time-frame', 'contents': [{'_id': '88edc94b-4b5d-4d5a-8c03-ad2f351979d3', 'content_type': 'video', 'content': 'Might drug bill among across. Special card yes practice.\nLaw sport bag go part. Customer activity whatever trouble information probably.', 'completed': True}]}]}, {'title': 'local', 'subtopics': [{'title': 'Ameliorated logistical infrastructure', 'contents': [{'_id': '598be9bb-461d-4dc4-bd82-9f34778bf791', 'content_type': 'quiz', 'content': 'Film provide firm. Reduce no how court alone.\nCoach leg yard institution. Address entire allow occur boy. Fire marriage their though effort size. People street cup real industry remain with great.', 'completed': True}, {'_id': '460823e3-9fbd-470c-b968-9af80b4ba5bc', 'content_type': 'video', 'content': 'Small music bit real pattern beyond operation development. According listen local important former.\nFloor woman particular data now. Improve expert or itself culture street really.', 'completed': False}, {'_id': 'bdba9113-c47a-40f6-a93e-ad4551ef096e', 'content_type': 'video', 'content': 'Expert toward none already whether tell throw. Off indeed notice child safe social lot different.', 'completed': True}]}, {'title': 'Multi-channeled demand-driven functionalities', 'contents': [{'_id': '79c3496a-6946-463c-a572-c7ea353166bf', 'content_type': 'video', 'content': 'Record sign take foreign capital. Grow capital system decade word front able.\nConcern live back within voice present power serve. Spring your wonder poor before community.', 'completed': True}, {'_id': '4fd023d3-5ca0-4b5a-addf-cb48e0255036', 'content_type': 'quiz', 'content': 'Fly race activity camera American major. Themselves quite opportunity. Them tough fund color accept power.', 'completed': True}, {'_id': 'b573409e-169a-4c01-bdb2-572f0a15ac2d', 'content_type': 'text', 'content': 'Improve college his hard. Ten environment chair dog.', 'completed': False}]}, {'title': 'Synchronized zero tolerance collaboration', 'contents': [{'_id': '13741764-5b6c-44c2-b512-028665536e64', 'content_type': 'video', 'content': 'Firm reduce structure price to against woman. Commercial prove research detail. Hope win something less rule loss.', 'completed': False}, {'_id': '0e58cb08-d243-4666-a86a-e8c99a52eaad', 'content_type': 'text', 'content': 'Audience like this American hot every.\nPressure image stand film physical. Security instead key Mrs meeting line.', 'completed': False}]}]}, {'title': 'data', 'subtopics': [{'title': 'Visionary uniform infrastructure', 'contents': [{'_id': '4a0337ad-4184-4945-894c-4a7eadcc65a0', 'content_type': 'video', 'content': 'Onto return plant poor three religious pick. Sell lose ability bar relate.\nSell system story example nation cost join service. Voice weight medical charge air war.', 'completed': True}]}, {'title': 'Intuitive grid-enabled toolset', 'contents': [{'_id': 'd4fef6b7-2f88-407b-9e78-edd0177427a3', 'content_type': 'text', 'content': 'Center particularly fine story. Suffer glass south read newspaper than. Others agreement part.', 'completed': False}, {'_id': '1098d171-5c5e-43b5-a6ce-88ffbe869a2b', 'content_type': 'quiz', 'content': 'Song so center.\nDrive soldier consider its society fear. Floor wait easy agent office change.', 'completed': True}, {'_id': 'bd77c7ae-c321-45af-85b0-d2ac8e3fcc72', 'content_type': 'text', 'content': 'Response evidence or ten product level great door. Fly hold sister color.\nFloor especially course money pressure animal point. Message by seek system technology.', 'completed': True}]}]}, {'title': 'budget', 'subtopics': [{'title': 'Enterprise-wide dynamic synergy', 'contents': [{'_id': '2806dfe5-ba80-4999-a974-8bd76b6741f0', 'content_type': 'quiz', 'content': 'Condition special like hotel. Glass opportunity couple. Then film analysis money accept behind. Rate none president authority challenge.', 'completed': False}]}]}, {'title': 'increase', 'subtopics': [{'title': 'Synergistic system-worthy matrix', 'contents': [{'_id': '8130a0d5-f1a7-4d0f-8c4a-078c1403b2b6', 'content_type': 'quiz', 'content': 'Tell green provide political drug. Seem collection treat cost economy. Admit style method southern join Republican tonight.', 'completed': False}, {'_id': 'b2b058f2-2783-4132-bf09-9f771aa6e8bb', 'content_type': 'video', 'content': 'Method government trade source understand lose skin. Letter few Congress raise.', 'completed': False}, {'_id': '106608db-2cc9-4ad3-b896-f9992af1b0ae', 'content_type': 'video', 'content': 'Small bank main ready policy them century star. Trouble return wrong probably southern. Couple call offer discuss participant.\nMention speech mouth. Avoid matter fish new final apply.', 'completed': True}]}]}]"
2,Down-sized intermediate strategy,"Conference quality low. Weight my wife national her.
Edge with among structure sign hundred. Worry rather until five fact we challenge call. Choose mind read.","[{'title': 'investment', 'subtopics': [{'title': 'Balanced demand-driven frame', 'contents': [{'_id': 'dc149cf1-61a9-4030-a58f-3cf434966147', 'content_type': 'video', 'content': 'Whole beyond deal seven. Collection with great player language probably thank. Rather capital policy television scientist task.\nMouth seem sea kind clear mention present. Last box product itself.', 'completed': True}]}]}]"
3,Object-based zero-defect emulation,"Good what put method benefit. Option see specific popular.
Science clear card stage few ahead in.
Bit citizen dream care. Resource section body place inside involve.","[{'title': 'will', 'subtopics': [{'title': 'Focused upward-trending capacity', 'contents': [{'_id': '71f9a29a-0933-4c15-8554-1ca3aad247d6', 'content_type': 'video', 'content': 'Me movement yet shoulder any. Family lay product. Notice couple consumer support.', 'completed': True}]}, {'title': 'Reactive zero tolerance installation', 'contents': [{'_id': '25c92801-6960-4e91-ab01-0f0206e07c8f', 'content_type': 'video', 'content': 'These skin for hear step meet. Yourself response pay. Wide whom moment participant senior also popular.\nItself mind too technology.', 'completed': True}, {'_id': 'd7f1d49e-e759-41f5-ba3d-fa2f66b8cb17', 'content_type': 'quiz', 'content': 'Great possible weight fine see end opportunity night. Small quickly nothing enjoy. Develop officer yourself responsibility boy good treat.\nDetail hit back. Modern every great expert.', 'completed': True}, {'_id': 'e051e652-6723-4862-9293-9d9c6b3f476f', 'content_type': 'video', 'content': 'Wrong would fear. Memory certain wife. Save change true difference.\nMan appear bag wonder we project current prevent. Attack voice join phone still.', 'completed': True}]}]}, {'title': 'ahead', 'subtopics': [{'title': 'Organized reciprocal Local Area Network', 'contents': [{'_id': '500676f3-5044-4454-b389-a865a7658b72', 'content_type': 'quiz', 'content': 'Mean piece try just fire heavy edge. Color human sense politics eye couple bring.\nRespond manager local than. Grow particular middle get player rate. Art we example toward.', 'completed': True}]}]}, {'title': 'see', 'subtopics': [{'title': 'Compatible regional productivity', 'contents': [{'_id': '14e76f95-5b0f-4d80-b8d0-4691beb3ce0a', 'content_type': 'video', 'content': 'Score writer better effort according late technology. Manager or experience floor really on. Game loss voice officer senior try.\nTwo star song tax finish time. Single receive need myself.', 'completed': False}, {'_id': '9e7b5225-60e9-4670-adac-182eb721c4dd', 'content_type': 'video', 'content': 'Maybe every get. Teacher both show person.\nProduct point possible court step weight us. Second race happen financial chair go action. Executive theory act ever.', 'completed': True}]}, {'title': 'Managed upward-trending workforce', 'contents': [{'_id': '7700c406-c63f-4f62-a201-8c418d328255', 'content_type': 'text', 'content': 'Beyond most agent main whole drug and official. Debate century sense indicate decision. Road war quality ago carry it because.', 'completed': True}, {'_id': '63a75ff1-ee3d-4376-9698-2360c901fd6b', 'content_type': 'video', 'content': 'Run civil nature while company high impact. Mouth Republican result way put turn.\nIndividual today notice experience level how while. Son base difficult success million.', 'completed': True}, {'_id': '6f507410-8de8-4146-8b72-34c1434d2fb7', 'content_type': 'video', 'content': 'Member interview tonight item. Bring hit beyond parent chair program.\nOk particular huge travel page. Reach find consider administration. Scene project discussion policy.', 'completed': False}]}]}, {'title': 'theory', 'subtopics': [{'title': 'Re-engineered responsive collaboration', 'contents': [{'_id': '8829ae13-50c5-47a0-adbb-678bd4666217', 'content_type': 'video', 'content': 'Exactly entire let inside resource can national. Follow sit rich voice walk focus. Still recent true last heavy human.', 'completed': False}, {'_id': 'ba0adde5-f2b9-4894-b7f1-de7d4df538be', 'content_type': 'quiz', 'content': 'Stand election continue major thought.\nTreatment political detail check so. Oil eye as during cost. Blood hour environmental everyone skin material artist carry.', 'completed': True}, {'_id': '18c4225b-05e4-4f0f-8068-e109586f9102', 'content_type': 'quiz', 'content': 'Move order near fund chance start.\nRather lay very we. Have individual act buy current each religious. Run item well radio.', 'completed': True}]}, {'title': 'Assimilated intermediate conglomeration', 'contents': [{'_id': '947a4eee-b942-4c92-9527-e678dc38e26c', 'content_type': 'quiz', 'content': 'Quite sport same ahead. Imagine glass save rich. Smile those dinner.\nCreate idea defense doctor analysis expect none. Body consider hit middle. Section decade think worker option authority.', 'completed': False}, {'_id': '4ce1d3ab-4d43-4d1a-a481-64670a3900b4', 'content_type': 'text', 'content': 'Let right she all least.\nThousand account everybody next tree car fast. Activity during unit right person summer more four.', 'completed': False}]}, {'title': 'Expanded hybrid protocol', 'contents': [{'_id': 'ee49a760-8b55-4ca3-8feb-96bdf2b70c97', 'content_type': 'text', 'content': 'Must enough practice piece measure goal already. Increase type win well gas agree same.', 'completed': False}, {'_id': 'a071062b-d331-4e57-b90f-f0d77f62739c', 'content_type': 'quiz', 'content': 'Approach student draw way discussion great or. Too pattern financial stay.\nMeasure data be win. Foreign agent group group.', 'completed': True}]}]}, {'title': 'fast', 'subtopics': [{'title': 'Multi-layered incremental Graphical User Interface', 'contents': [{'_id': '2cc77129-0471-4353-aaa8-90b558b771ae', 'content_type': 'text', 'content': 'Voice lose show former less. Recent visit coach improve agree.\nBill wait month television economic. Could security production public word.\nTreatment visit at. Against media ready site where.', 'completed': True}, {'_id': '76969b35-2887-423a-859a-a59eacbdc8f9', 'content_type': 'video', 'content': 'Ability report well free small responsibility task. Family project offer over. Green attack law direction.\nMorning life heart age. Room old factor.', 'completed': True}, {'_id': 'bfc8ce81-8ec5-47a0-97d3-ac79bbf9e295', 'content_type': 'video', 'content': 'Foreign decide grow fly weight indicate. Industry person suffer institution two floor. Business set tend try sell score performance. Off wife threat like evening.\nImagine social policy area.', 'completed': True}]}, {'title': 'Seamless didactic function', 'contents': [{'_id': 'c9f4dada-9f15-47f5-ac7b-acbcab33ffff', 'content_type': 'quiz', 'content': 'Word think defense finally purpose special. Outside perform south rest. Couple especially democratic food.\nAttack son guy anyone window. Think party child produce.', 'completed': True}, {'_id': '907947d3-a3be-4c77-8ab4-f93456017f26', 'content_type': 'video', 'content': 'Realize national rise region scene assume. Imagine never early want certainly.\nTreat PM letter plan. Imagine guy expert court.', 'completed': False}]}]}]"
4,Customizable background methodology,Collection evening central both opportunity improve according. Sea mention degree them paper authority hundred. Let physical ready participant. Live of whose per nation.,"[{'title': 'eye', 'subtopics': [{'title': 'Ergonomic cohesive matrices', 'contents': [{'_id': '3d423c24-96d1-4539-b464-ecdeb12b97d6', 'content_type': 'video', 'content': 'System possible hold loss health imagine employee woman.\nRoad same thousand college stage tree increase. Yet citizen physical thus board. Relationship memory east ground positive.', 'completed': False}, {'_id': '4316ad55-bc9f-428c-baa7-5752e6c7b301', 'content_type': 'quiz', 'content': 'Discuss hear front mouth build. Upon buy president analysis else. Activity environmental small ever size maybe.', 'completed': False}]}, {'title': 'Programmable content-based service-desk', 'contents': [{'_id': '40e8d63d-f3ba-4ebd-8c9c-8e2fd5c1085a', 'content_type': 'quiz', 'content': 'War happy grow mother care rise discover night. Statement third help left nor quality plan. General main find surface only. Very professor religious never.', 'completed': True}, {'_id': 'b341354b-e2a5-47db-8635-e935f1f0aba6', 'content_type': 'video', 'content': 'Economy perform family you. Lot project include other quickly mention foot. Both send from kind perform agent democratic. For direction wrong here.\nSet their security foreign capital arm cut.', 'completed': False}, {'_id': 'c961aae5-586e-4346-8d78-fda44a036761', 'content_type': 'text', 'content': 'Fast middle customer parent end gun example.\nHit later explain firm do top impact. Soldier tell race interest I have. Science know cell expect.', 'completed': False}]}]}]"
5,Cross-platform grid-enabled alliance,Claim not manager watch ago interesting inside. Red professional success peace much scene speech.,"[{'title': 'spring', 'subtopics': [{'title': 'Realigned bi-directional capacity', 'contents': [{'_id': '7acc6c6d-e0ca-469b-8346-024eec34acd6', 'content_type': 'text', 'content': 'Thousand such process assume choice area. Fish road recent PM. Loss develop put make hand either about relationship. Example agency future teach including.', 'completed': False}, {'_id': '9071978b-bfc9-4958-ba11-e4b5fd9f8a79', 'content_type': 'video', 'content': 'Authority culture wait actually. Cup throughout yes grow local.\nAlso ability Democrat deal. War laugh international still ground.', 'completed': False}, {'_id': '28f4e028-5065-49b4-a694-7c00570ac540', 'content_type': 'quiz', 'content': 'Entire away between. Most it positive ask close piece long. Quality hard time message occur care also.\nEstablish song sell remain. Whole moment thousand face for practice.', 'completed': True}]}, {'title': 'Adaptive impactful definition', 'contents': [{'_id': '0b9fa1d7-4007-4996-9257-ab388d3ab7a6', 'content_type': 'video', 'content': 'Heart less outside hand report simple simple quality. Look herself better final. Case red may record.', 'completed': True}]}, {'title': 'Enterprise-wide actuating array', 'contents': [{'_id': '1dd17e28-aaef-409e-ac38-2dbd982b1cdf', 'content_type': 'quiz', 'content': 'Develop picture within method watch history. Thing thus husband model raise financial meeting. Pm where director entire give activity citizen.', 'completed': False}, {'_id': 'bb2cbbe3-37ee-49e0-8e11-883ba7905618', 'content_type': 'text', 'content': 'According those kid lead. Design investment indicate ever hard treat. Charge amount pay rise base.', 'completed': True}]}]}, {'title': 'nearly', 'subtopics': [{'title': 'Grass-roots value-added forecast', 'contents': [{'_id': '852dc04c-661b-42f6-b25f-9530f9609df8', 'content_type': 'quiz', 'content': 'Popular vote gas set. Stuff behind which figure once others quickly. Use lawyer example sometimes hour do.', 'completed': True}, {'_id': '5cfce771-554c-4989-9303-b94974c98eeb', 'content_type': 'text', 'content': 'Movie sell value name year perhaps environmental. Practice wall ok able store leg ready.', 'completed': True}, {'_id': '3b7d606e-a2fe-475a-9831-3b0510f471f5', 'content_type': 'text', 'content': 'Executive ok name consumer.\nOccur glass people rich. Use wonder similar several series.\nGun attorney building share own Mr. Of discussion home set. Color moment natural board.', 'completed': False}]}]}]"
6,Phased background database,"Reach special table big amount near consumer. North plant know million fear goal quality. Everything role line back usually myself.
Task suggest about customer. Impact agency suffer his small.","[{'title': 'decision', 'subtopics': [{'title': 'Secured asynchronous database', 'contents': [{'_id': '6eb02055-2ead-4f16-a7f2-68bb1743b2e0', 'content_type': 'text', 'content': 'Friend can listen thank less eye. Thank determine seat budget area science think. Five town become sing send.\nNote and program. Must energy various light yourself. Now step economy lawyer who oil.', 'completed': False}, {'_id': 'aa9c96af-48b0-40f8-bce3-680b7a35c4a3', 'content_type': 'quiz', 'content': 'Animal think before work. Customer kitchen future key different.', 'completed': False}, {'_id': 'fd87ae93-f236-4631-bacb-7918667d8605', 'content_type': 'text', 'content': 'Both someone modern notice attention also some. Security history out wall life hold. Third car to then easy.\nTeach difference than yard. Eight or pass without. About enjoy during they everybody vote.', 'completed': False}]}]}, {'title': 'American', 'subtopics': [{'title': 'Customizable tertiary attitude', 'contents': [{'_id': '6909851a-60f6-47db-9435-f9f8d16d1f3b', 'content_type': 'text', 'content': 'Space these tell government foreign answer federal. Hard side great table.\nSingle course reach civil so. Finish state and plan movement room.\nGuess technology item term property sometimes face.', 'completed': True}, {'_id': 'aa124e27-7e14-4a16-843e-c98bbd655210', 'content_type': 'video', 'content': 'Country front five first real worry physical fill. Western make have miss drive call. Get animal effect full. From degree let wind sure maintain effect case.', 'completed': True}, {'_id': '1bf6e37a-aea2-4344-a3b1-c6c74bea4b0a', 'content_type': 'text', 'content': 'Step paper create design. Effect with back fire building century degree. Pm finish real something sometimes.\nSet describe talk. Official send city drop set. Alone detail response.', 'completed': True}]}]}]"
7,Cross-platform next generation orchestration,"Line maybe leg mention. During point place century win performance.
Turn whose bill. My score music him feeling color east. Issue pressure think girl.","[{'title': 'fine', 'subtopics': [{'title': 'Robust 24/7 alliance', 'contents': [{'_id': 'bea89c82-ddb6-4056-9b6e-3cf272c1d3bd', 'content_type': 'quiz', 'content': 'Effect who hair eat. Fight charge simple place sport serious. Public best stage production choice already beyond.', 'completed': False}, {'_id': '831ff84a-8876-46b8-9d7c-406327e7479b', 'content_type': 'text', 'content': 'Small try generation yard. Her director fear. Stand name discover.', 'completed': False}]}]}, {'title': 'amount', 'subtopics': [{'title': 'Persevering 3rdgeneration utilization', 'contents': [{'_id': 'f40c5714-4b9d-4482-82d6-2bce051aab7b', 'content_type': 'video', 'content': 'Claim send security common north agent worker. Glass so story figure deep.', 'completed': False}, {'_id': 'beaf8519-d488-4d47-87e6-51910aaa8fe0', 'content_type': 'quiz', 'content': 'People local lawyer green. Evidence card conference career wide beat improve.\nHappy sister address nor. Why book son gun stock animal customer. Minute mouth tell simple.', 'completed': True}, {'_id': '2afcf0d7-061b-4c16-b360-86043ecc54b5', 'content_type': 'text', 'content': 'Idea together popular western about child. Certain take while summer firm consider minute.\nHappen sometimes site individual less why environmental ever.', 'completed': False}]}, {'title': 'Streamlined hybrid Graphic Interface', 'contents': [{'_id': 'fefa53f0-ddfc-4d76-a4c2-6a5a5e6b35ea', 'content_type': 'video', 'content': 'Sea institution anyone by end rule. Specific line event yet federal together sound. History activity movie over morning both we. Stay special point writer best.', 'completed': True}, {'_id': '6121f69f-7006-4a00-8b46-01f035e9552b', 'content_type': 'video', 'content': 'Me increase month. So until ask site.\nIndividual whatever room society it yet. Reflect lot Republican degree.', 'completed': False}, {'_id': '17f7728a-2fc9-43a2-a31a-96425900d449', 'content_type': 'text', 'content': 'Require themselves author then keep risk. Use population clearly left even finish.\nVarious commercial attorney box. This small meeting. Give seek guy lay.', 'completed': True}]}, {'title': 'Focused system-worthy flexibility', 'contents': [{'_id': 'ec43df4d-e429-4df5-a4bc-3437f20b4357', 'content_type': 'quiz', 'content': 'Leader when huge plan those. Water hope bank college major more police.\nLittle his wonder week our author amount. Address popular yeah kind program capital peace.', 'completed': False}, {'_id': 'e0f7ba0b-6350-4167-a9a0-a9fb579fdbc9', 'content_type': 'quiz', 'content': 'Why say attention national billion agency style debate.\nNext appear full blood. House any glass move may.', 'completed': True}]}]}, {'title': 'area', 'subtopics': [{'title': 'Implemented 6thgeneration approach', 'contents': [{'_id': '9778e4bc-7f9f-45c8-b30b-da6809d4b2f7', 'content_type': 'text', 'content': 'Role expect support picture. Piece study respond day push. Cover interest sea common ever resource build.\nConsumer weight simple moment bit group. Family both its always fact loss field either.', 'completed': True}]}, {'title': 'Organized leadingedge intranet', 'contents': [{'_id': '70de7f84-7ffe-43a0-a413-d7760738a79f', 'content_type': 'quiz', 'content': 'Eye section answer cultural science. May recognize behavior friend.\nSmall learn material. In strategy large cup.', 'completed': False}, {'_id': 'bf87dc70-5fd6-457b-bc3c-3ceb9dce6697', 'content_type': 'video', 'content': 'Support ten religious. Simple speech tough east second operation upon.\nEarly tough law mother. Easy stage wear team because. Night a business inside concern night.', 'completed': True}]}, {'title': 'Mandatory maximized toolset', 'contents': [{'_id': '733a048c-854b-4cc2-9625-6908a039ab27', 'content_type': 'quiz', 'content': 'Impact manage sign benefit fine. Story talk all trade. Assume some value free trouble describe too interest.', 'completed': False}, {'_id': '229ef3c6-3e67-4b54-9123-935835c13217', 'content_type': 'video', 'content': 'Marriage hospital move left tax. Entire kind property hundred economic center.\nWeek he theory direction film. Lose air true brother which write Mrs weight.', 'completed': True}]}]}]"
8,Centralized zero administration workforce,"Talk space free tonight number participant. Suddenly Mr fine parent administration must. Media majority customer where yes difficult better.
Around around whose kind.
Executive time service.","[{'title': 'six', 'subtopics': [{'title': 'Centralized responsive throughput', 'contents': [{'_id': '9512efa8-ab3d-4c73-a36d-8dd073fc95f6', 'content_type': 'video', 'content': 'Back expect dog decade institution could why walk. Support begin data remember up executive. Art future wish knowledge.', 'completed': False}]}, {'title': 'Inverse demand-driven migration', 'contents': [{'_id': 'a37061c5-b15a-4d1b-8576-a4a6b425c5b4', 'content_type': 'video', 'content': 'Little price deal girl when wife.\nKind policy great good appear trial adult. Carry be fast technology meet entire make. Increase training stay never degree.', 'completed': False}, {'_id': '125e8151-585a-4184-9a40-87a8af650120', 'content_type': 'video', 'content': 'Enough another pick very want. Process trouble maybe soon computer civil.\nSeries maintain win left eye trouble give. Fine information every firm.', 'completed': False}, {'_id': '351be5f9-01d5-44b5-855b-679e00ee16b5', 'content_type': 'video', 'content': 'Cut entire program beautiful quickly project. Court level administration beat. Nation green explain across condition own.', 'completed': True}]}, {'title': 'Face-to-face modular algorithm', 'contents': [{'_id': 'ec9b7887-bde8-4b94-9cf9-4ccd91aa5cf2', 'content_type': 'quiz', 'content': 'Page international necessary whose apply food this. Civil fall none exist.\nNetwork paper before determine. Help building news model.', 'completed': False}, {'_id': '29049cb4-69a6-477b-ba12-ba89b4296f72', 'content_type': 'video', 'content': 'Majority commercial two answer beyond affect. Decision woman each upon heavy gas.\nEstablish region station particularly color house. Memory play commercial ground despite north.', 'completed': True}, {'_id': '042e87b6-2051-4c46-bfd2-f7db2a2146c1', 'content_type': 'video', 'content': 'Option American law history teacher win. Risk seat control yourself run low music.\nTax step baby professor science site. Too quickly admit remain. Yourself past enough decision rate.', 'completed': True}]}]}, {'title': 'short', 'subtopics': [{'title': 'Upgradable incremental functionalities', 'contents': [{'_id': '40da4016-e90f-49fe-801e-82eace2a6ff6', 'content_type': 'text', 'content': 'School couple require treatment media a why above. View without every should site news. Nor more sort check.', 'completed': True}]}]}, {'title': 'letter', 'subtopics': [{'title': 'Stand-alone background process improvement', 'contents': [{'_id': '2b503a20-ad7f-4ed0-86a3-11c930e6a44a', 'content_type': 'text', 'content': 'Purpose catch beautiful improve able find stay. Story cut truth recently them cup may military. Race seek certain hot set lead. Discover main foot partner care understand former.', 'completed': False}, {'_id': 'ad96ac44-0a1b-4831-965b-7d1222ecd18a', 'content_type': 'quiz', 'content': 'Prevent season compare hundred build behind wish along. Add word protect hot born control body. Increase matter program hear.', 'completed': True}, {'_id': '2d14b97b-701a-4043-a3b0-923823c7d6ce', 'content_type': 'video', 'content': 'Minute analysis lead establish performance moment. Service imagine size news ever whether be item. Nothing young month writer low.', 'completed': True}]}, {'title': 'Devolved reciprocal capacity', 'contents': [{'_id': '64e0008d-4baf-49eb-8e7f-23ff48a3ef37', 'content_type': 'text', 'content': 'Federal son check college blood bag. Western join eye affect nothing free audience item.', 'completed': True}, {'_id': '435ed46d-b21f-44ca-bdcc-57a6bf17d426', 'content_type': 'video', 'content': 'Notice ten language serve form or consider. Ok per camera participant keep through. Defense else guy decision entire.', 'completed': False}, {'_id': 'bddaa3ce-a2a1-4d61-a70c-b8c75b14b2f1', 'content_type': 'text', 'content': 'Walk report drop economic perhaps ago.\nTv human admit actually American sea American small. They couple design think fast carry nothing.', 'completed': True}]}]}, {'title': 'this', 'subtopics': [{'title': 'Streamlined impactful archive', 'contents': [{'_id': 'aa733b6f-b8fb-4aa8-9cf7-1d6a66a2a08e', 'content_type': 'text', 'content': 'Without enough leave.\nStrong attorney treat politics girl very. Pattern blood turn key computer yeah. Other find painting next sort produce capital. Third small both.', 'completed': True}]}, {'title': 'Proactive needs-based customer loyalty', 'contents': [{'_id': 'bea213f3-00db-4634-b2bd-878d2f08ce8e', 'content_type': 'video', 'content': 'Worry worker me friend magazine number art cost. Save others under free among must. My art include approach provide shoulder. Board successful program life item me where.', 'completed': True}]}, {'title': 'Operative optimal contingency', 'contents': [{'_id': '867bb55c-d4ff-4867-86c6-272b4615428d', 'content_type': 'video', 'content': 'Option seek never project. Contain ok think wrong clearly. Wife speak partner cup stay firm central. Across hope how interview.\nFill key Mrs need add. Second modern white scene cause of change yes.', 'completed': True}, {'_id': '5ddf70fb-158f-4162-899a-abc06794cc0e', 'content_type': 'text', 'content': 'Past box different town these make wind. Contain military security serious treat shake.\nLikely rather west city. Point consider myself television. Manage hair too hear.', 'completed': False}, {'_id': 'c113f2d8-9fc3-4bbe-bbd5-7e574c0ef68b', 'content_type': 'quiz', 'content': 'Present how begin. Dream feel land sister give performance first. Strategy executive by agent idea.\nHour traditional soon serious artist at. Animal full six chair.', 'completed': True}]}]}, {'title': 'body', 'subtopics': [{'title': 'Advanced fresh-thinking capacity', 'contents': [{'_id': '4a145804-d1f1-4ca4-b1ad-fa8a02bc96ba', 'content_type': 'quiz', 'content': 'Number nice low sister cause form kid across. Floor her brother all program technology listen system.', 'completed': False}, {'_id': '141039dd-aa85-4a6d-832d-d242dbdc7a4c', 'content_type': 'video', 'content': 'Seek bar media any address sometimes name. Sure try give trade.\nAir pass after child southern many wait. Art interest police office former. You on Republican itself.', 'completed': True}]}]}]"
9,Fully-configurable systematic circuit,"Treat majority personal last. Human call really recently trade build woman.
Cause real official budget stage. Discover a past Mrs. Operation student central go.","[{'title': 'pattern', 'subtopics': [{'title': 'User-friendly logistical frame', 'contents': [{'_id': '35f74e1e-b28b-4ca4-bf11-6ef3afb7fe72', 'content_type': 'text', 'content': 'Throughout strong care think southern. Message lay cell know.\nArticle score by question push. Send off cost far new.', 'completed': True}]}]}, {'title': 'member', 'subtopics': [{'title': 'Configurable 24/7 synergy', 'contents': [{'_id': '39c4f6ea-83e5-409d-8acc-fdb3d91d05c9', 'content_type': 'text', 'content': 'Bed light building sometimes quite debate. Benefit opportunity laugh suffer according share field exactly. Not actually travel various tell.', 'completed': False}]}]}]"
10,Fully-configurable demand-driven concept,"Will tree interest center involve religious have. Any policy Republican senior voice industry company. Eight air kid.
Up long huge event.","[{'title': 'onto', 'subtopics': [{'title': 'Reverse-engineered next generation contingency', 'contents': [{'_id': 'cc6646e7-699a-42c7-a219-3b27fc10fcdc', 'content_type': 'video', 'content': 'Source special wife strong remember subject nearly. Continue mind blood.\nHappen throughout possible mean place.\nLand unit ever any during close truth card. Remain as cold phone.', 'completed': True}, {'_id': '7d312612-e11d-4188-ae89-e94e6ce6a29e', 'content_type': 'video', 'content': 'In test well marriage hundred. Including back party town.\nTv professional present staff development senior yourself high. Fly matter service social new often. Issue maintain tax firm above water.', 'completed': True}, {'_id': '3082f388-4898-4db1-b582-7bbf550d8048', 'content_type': 'video', 'content': 'Argue performance about event school. It movement do least few news TV.\nTelevision computer image group moment arm. Similar natural cup international. Later yes speak little.', 'completed': False}]}, {'title': 'Business-focused 24/7 structure', 'contents': [{'_id': 'cd3afdc8-3778-44ef-9097-cef477db9934', 'content_type': 'text', 'content': 'Form quite machine south specific. Girl Congress this trial.\nMagazine however know character me huge take turn. Question much issue. Believe nor certainly inside environmental official.', 'completed': True}]}]}, {'title': 'total', 'subtopics': [{'title': 'Multi-layered foreground neural-net', 'contents': [{'_id': '2769dc30-d278-43a3-8f49-84e771887620', 'content_type': 'quiz', 'content': 'Guy recognize imagine. Produce really board great probably to company. Hope increase product rest poor reduce offer.\nAlso particularly player. Field book movie party. Paper I agree conference.', 'completed': False}, {'_id': 'd521322b-c0f4-4cfa-8fb2-1c507c93949c', 'content_type': 'text', 'content': 'Member than price list red among. Prove strong court number. Off would one investment hope that.', 'completed': True}, {'_id': '23e2f17c-6b69-4014-9b40-7231435d1829', 'content_type': 'text', 'content': 'Bit this event.\nDetail simple more he coach. Reflect whether institution first another grow every off. Probably set decide some share road debate.', 'completed': False}]}, {'title': 'Programmable holistic solution', 'contents': [{'_id': '724bb36f-427d-43f8-824b-231dc5d8a54f', 'content_type': 'video', 'content': 'North end eye white. Present quite push me back benefit scientist. Realize stand Congress modern.', 'completed': False}, {'_id': 'e9668be5-7a4e-46eb-9d29-e6d33e450887', 'content_type': 'text', 'content': 'Here admit unit. Charge term blue trial themselves wait direction.\nPossible who onto run. Site evidence current tell leave.\nSeat the certainly contain white.', 'completed': True}]}]}, {'title': 'TV', 'subtopics': [{'title': 'Inverse well-modulated open system', 'contents': [{'_id': '5e37bdda-5cf6-4a00-8e07-5b27811c2478', 'content_type': 'video', 'content': 'Never trial and idea story reflect. Write recently direction agency. No director continue direction himself suggest six.\nSeason bar support population whatever. Trial course front tree college.', 'completed': False}, {'_id': 'e3c943a5-c374-4403-9562-988b26231bae', 'content_type': 'text', 'content': 'Expert suddenly thing. Able professional heart case wind.\nRange newspaper certain investment will kind expect. Truth party hot option ever cultural create. Military you seven key word.', 'completed': False}, {'_id': '75782a0c-e759-45e7-a322-a3a5d620b985', 'content_type': 'text', 'content': 'Price pass stay cup spend than. Everybody bed value film painting career. Difference camera smile by performance.\nForm alone play. Create kind business head total since increase morning.', 'completed': False}]}, {'title': 'Virtual tertiary capacity', 'contents': [{'_id': 'dd4c8220-ac5e-448b-8070-e73d43f3162f', 'content_type': 'video', 'content': 'Today attention already ten. Image natural debate then population thus station. Hair direction former.\nImprove realize interview true law population move. Push certain authority other drop away.', 'completed': False}, {'_id': '88ad3032-b3ed-41ae-a266-f74dd37161a9', 'content_type': 'quiz', 'content': 'How society second that between. Do operation week will debate player. Would bill in news.\nBad wind trade address design. Want stop simple federal second care. Subject best dream letter sea.', 'completed': False}]}]}]"
11,Secured human-resource alliance,"Wind task town his cold guy choose. Section manage cause admit.
Look study you my win guess outside finally. Class his begin follow truth. Room especially quality skin.","[{'title': 'page', 'subtopics': [{'title': 'Business-focused incremental strategy', 'contents': [{'_id': '4bbf50d9-3a8b-4b68-a69b-38d8e5a54109', 'content_type': 'text', 'content': 'Tax owner kind despite newspaper notice green.\nThan course sign. Put nearly view PM short personal. Program cover finally team house manager including.\nBlood executive safe member. Pretty top effort.', 'completed': False}, {'_id': '1bfbfab6-eee7-4978-9995-05ec3c7f2e79', 'content_type': 'text', 'content': 'Cell throw turn charge because fall hit. Around environmental others me feeling car.\nGun price road make we significant. Task raise energy whose Republican. Why spend event walk issue state stay.', 'completed': False}]}]}, {'title': 'total', 'subtopics': [{'title': 'Ergonomic encompassing Internet solution', 'contents': [{'_id': '5ec0d86b-6a7c-4ec8-8618-945cf6a9e698', 'content_type': 'text', 'content': 'Agent process phone top. Marriage involve view.\nHe national group bed us space thought box. Phone issue national hard. Physical drop American international city.', 'completed': False}]}, {'title': 'Integrated content-based instruction set', 'contents': [{'_id': '58c5b981-250c-4942-9924-10ed906c7405', 'content_type': 'video', 'content': 'Yeah charge seat magazine have response. Point thank show while represent current.\nCut off foot guy interest. Including economic better woman.', 'completed': True}]}]}]"
12,Public-key grid-enabled orchestration,"Black specific talk upon. Choose resource scientist our successful.
Environment first nice TV. Us address team save evening education career.","[{'title': 'police', 'subtopics': [{'title': 'Virtual heuristic data-warehouse', 'contents': [{'_id': '60a0764d-0386-4b23-8c12-d2c5ab7418fc', 'content_type': 'video', 'content': 'Drive order nice system. Scientist local nearly time manager.\nThousand create during edge city stay fact quickly. Each understand bit public property nothing matter. Coach message sit be important.', 'completed': False}, {'_id': 'fdc7ee4b-9be9-47ad-8cfb-a6feb6b407fd', 'content_type': 'video', 'content': 'After discover have recent office cause morning. Specific public drug more conference west price.\nMuch sing camera though. Such economy big say sometimes south whose.', 'completed': True}, {'_id': 'a81aa4e8-6168-4897-b202-98dc5c888753', 'content_type': 'video', 'content': 'Full music establish provide sit. Among light present us first site. Before Mr relationship yeah.\nAgency foreign world point. Local hope culture show hot forget Democrat.', 'completed': False}]}, {'title': 'Persistent multimedia infrastructure', 'contents': [{'_id': '9aea84c4-9a72-415b-a284-143e5c03f5eb', 'content_type': 'quiz', 'content': 'Summer single best study. These serious student. Quickly air western either street house safe.\nSome bar country nation left participant. Increase really mean billion thank night.', 'completed': False}]}, {'title': 'Compatible reciprocal product', 'contents': [{'_id': '2f235385-1aea-45a3-8211-6c9c702463ef', 'content_type': 'text', 'content': 'Ready mean least early sign. Contain much drug life.\nParty these hand single build black. And fast some rich agency get rather. Season economic cover current father watch.', 'completed': True}, {'_id': '064d1458-5ff2-4074-a945-f28b8c6f9346', 'content_type': 'quiz', 'content': 'Common worry expect tend ready. Year source sense father where particularly go together.', 'completed': False}]}]}, {'title': 'mention', 'subtopics': [{'title': 'Decentralized didactic knowledge user', 'contents': [{'_id': '1972b5a8-a5bf-45f1-8c31-b25c24f7a392', 'content_type': 'quiz', 'content': 'Discussion contain science easy new nor matter. Occur house owner yourself soldier according seem.\nIts single perform discussion begin top kind. Development goal lot senior start street business.', 'completed': True}, {'_id': 'e4fcb097-171c-484b-8535-730df52dede1', 'content_type': 'quiz', 'content': 'Green every city anything film. Capital media manage whom.', 'completed': False}]}, {'title': 'Proactive logistical application', 'contents': [{'_id': 'e63bd4a4-7529-482c-8c1d-bc131aad5ab9', 'content_type': 'text', 'content': 'Late population organization participant. Always alone leg thought. Star image there walk thought factor pass friend.', 'completed': False}, {'_id': 'ad251207-1f43-46b2-b883-dd0b4698cecd', 'content_type': 'video', 'content': 'Program cost there him doctor its. Other write rock score avoid sport.\nConference discover job wrong job tough. Natural sit resource nation.', 'completed': False}, {'_id': '6a5daedc-66d0-4b02-8b5f-91c22fcf0962', 'content_type': 'quiz', 'content': 'Least add size economic Republican be suffer.\nMachine foot likely security. Remember television determine gas simple begin. Own finish any history everything you.\nGuy record arrive people the.', 'completed': True}]}]}, {'title': 'cup', 'subtopics': [{'title': 'Visionary human-resource knowledgebase', 'contents': [{'_id': '5c5cc87d-c591-4f39-8b64-7d5c934dd397', 'content_type': 'quiz', 'content': 'Executive station himself probably. This free page long citizen. Ability able purpose claim pass college according off.', 'completed': False}, {'_id': '10643655-c195-4acc-a0b6-c8766d66fbb7', 'content_type': 'video', 'content': 'Magazine college source put. Could make while member. Carry responsibility boy since camera town.\nBuy seven thank customer budget nothing. None machine speech lose.', 'completed': True}, {'_id': '0fcab576-f9c1-4d40-9e19-9e056cf73a79', 'content_type': 'quiz', 'content': 'Stuff thing want these six forward. Provide enjoy us require rather only spring many.\nAnswer two prove father to work not. Shoulder condition mention during support.', 'completed': True}]}]}, {'title': 'wear', 'subtopics': [{'title': 'Fundamental multi-state infrastructure', 'contents': [{'_id': '4a630de0-4f61-49b0-a55b-167c151c68af', 'content_type': 'video', 'content': 'Million what choose baby suffer tree. Interview mother edge doctor. His issue listen. Student theory character fish window information lot.', 'completed': False}, {'_id': '19d2c926-4eb3-43e3-a8b2-362feb31f0a9', 'content_type': 'quiz', 'content': 'Nor item something account. Animal fall industry woman. When player center enough soldier share while model.\nWay true who local husband modern individual. Reflect election idea to.', 'completed': True}, {'_id': '9522997c-97ab-4292-888a-e568f3ff5905', 'content_type': 'quiz', 'content': 'Line product require debate door hair. Particular class research church above. Item indicate perhaps front stuff.', 'completed': False}]}, {'title': 'Automated intangible standardization', 'contents': [{'_id': '6cd0b9f8-1098-4c41-b337-4aa9a003d574', 'content_type': 'quiz', 'content': 'Talk paper scene fund hard thank. Capital condition service simply camera level.\nNothing site score staff dark. Well past ground long each whose wonder.', 'completed': False}, {'_id': 'e67f3fac-2431-4582-8fd3-59d0b6ab42aa', 'content_type': 'text', 'content': 'Court represent meeting me between especially change. Meeting herself vote rather cover hit. Material center at explain movie.', 'completed': True}]}]}]"
13,Cross-group zero administration structure,Woman company sound then. Network operation dog garden budget our. Onto none memory model election.,"[{'title': 'mean', 'subtopics': [{'title': 'Cross-group context-sensitive project', 'contents': [{'_id': '794f4250-dc7d-4ea7-b949-21f20d23bc9c', 'content_type': 'text', 'content': 'Who his prepare process admit challenge. Common soon expert leader fear civil. Whom toward daughter little music.\nConference bank sport across. Fire security movie fill spend song.', 'completed': True}]}, {'title': 'Customer-focused tangible parallelism', 'contents': [{'_id': '1256aff8-c682-4535-b1a8-d2d2ed5a43f4', 'content_type': 'quiz', 'content': 'Hotel light blue marriage together relationship. Us standard pay together fact every. Identify focus control work product.\nHome group Mrs blood.', 'completed': False}]}]}, {'title': 'movie', 'subtopics': [{'title': 'Team-oriented background access', 'contents': [{'_id': 'e3cc151c-aef8-4c70-8847-c89128770dc3', 'content_type': 'text', 'content': 'Join position bank sound. Particular coach able difficult.\nEverybody all when tend long. Citizen whole executive born. Face recognize suggest trouble laugh standard.', 'completed': False}, {'_id': 'a7caf5f0-169f-4c51-810a-bb2a60f0054f', 'content_type': 'video', 'content': 'Everyone hair trade. Save own avoid for military movie meeting.\nBehind than machine international skin. Particularly produce base reason gun. Scene work school when.', 'completed': False}, {'_id': '00f70017-b93b-4948-a308-bc347582a29b', 'content_type': 'video', 'content': 'They six century box drive ball. Candidate industry agreement prevent hour evidence. Wall crime head nation scientist.\nWar bar city indicate. National open media available safe factor.', 'completed': False}]}]}, {'title': 'it', 'subtopics': [{'title': 'Multi-lateral attitude-oriented adapter', 'contents': [{'_id': '1467e3d0-299d-442d-94f6-5457803b0efb', 'content_type': 'text', 'content': 'Not this energy per threat cause. During century young arm investment picture effect.\nJust cause traditional unit fire.', 'completed': False}, {'_id': '074c01df-905e-49f7-9e42-f4bf9170786a', 'content_type': 'quiz', 'content': 'Training present page little instead. Data stock TV too. Attention affect single interview dark.', 'completed': True}, {'_id': '6ae49545-5e30-470c-a75f-d168995dbeb3', 'content_type': 'text', 'content': 'Time old upon agreement top sure else. Onto process let. Change not citizen range.', 'completed': True}]}, {'title': 'Programmable value-added customer loyalty', 'contents': [{'_id': 'b5927960-49e4-4e99-b25c-6e5c84d33f5f', 'content_type': 'quiz', 'content': 'Ground able address decision anything. Cost around even president skill black herself partner. Provide than high product.', 'completed': True}, {'_id': '1755c05e-91ab-4ef5-9499-ca68109f480a', 'content_type': 'text', 'content': 'Measure message clear foreign before relationship significant.\nAlong billion ball of throughout reach seven. Spring happy PM national capital.', 'completed': False}, {'_id': '38ee1d08-cbae-4ebb-a633-4da48144532e', 'content_type': 'video', 'content': 'Half simple candidate plant better himself black. Reflect order understand rich people bed clearly.\nWatch perhaps finish skill order one.', 'completed': True}]}, {'title': 'Extended client-driven focus group', 'contents': [{'_id': 'cdd1950d-b3fc-4fc0-8737-1b8e624d7b84', 'content_type': 'quiz', 'content': 'Only born choice increase drive experience. Also avoid million reduce land. Write back follow family take.', 'completed': True}, {'_id': 'a27ccc45-21f1-4160-8a07-a122afc30d0f', 'content_type': 'quiz', 'content': 'Control lose join sell under few term political.\nSize back sea road institution main. Gun forward feel fall billion avoid. Month fear race conference buy statement member.', 'completed': True}]}]}, {'title': 'side', 'subtopics': [{'title': 'Enhanced grid-enabled functionalities', 'contents': [{'_id': 'f67eddfd-8590-421f-bb31-4a67c6f991b9', 'content_type': 'text', 'content': 'We TV real start place pull place newspaper. Start head interest fine different.\nOpen read consider. Peace operation specific should machine prove.', 'completed': False}, {'_id': '881e52a0-0070-4336-8cd5-0802b067a65d', 'content_type': 'quiz', 'content': 'College foot half clearly level evening spend. About rest perform community manager open everything.\nSet interview three. Push coach performance issue. Plan before police behavior result.', 'completed': False}, {'_id': '965ef776-aae1-49e1-a3a6-f19c2b881b59', 'content_type': 'quiz', 'content': 'Watch no compare authority Mr. Man able effort them thank.\nMy people according world according international. Week work do pattern home. At only very possible travel reduce.', 'completed': False}]}, {'title': 'Public-key systematic project', 'contents': [{'_id': '8ac3c452-98cb-41a7-a702-5fb3a3ad3a40', 'content_type': 'video', 'content': 'Window specific item receive build wonder. Figure market magazine however face stop return.', 'completed': False}, {'_id': 'df9850e4-1dff-49b9-97c8-ec905d386151', 'content_type': 'text', 'content': 'Give himself whatever theory. Star cover model have force cause understand per.\nToo approach ground recognize yeah page sign. Art he brother no provide. World seem whether join.', 'completed': True}]}]}, {'title': 'three', 'subtopics': [{'title': 'Grass-roots optimal task-force', 'contents': [{'_id': '2c9b044c-f385-456f-92d8-0d663423939c', 'content_type': 'video', 'content': 'Both official word performance all. Out mention top lay early worker enter. Cover rock read watch no. Mother set foreign industry be.\nFace apply write control thus. By artist best near two.', 'completed': True}, {'_id': 'a7d7632f-8149-41ce-a341-66abcc190262', 'content_type': 'video', 'content': 'Commercial simple should perform describe specific thought. It catch should better peace despite. Until direction case little yard lose significant.', 'completed': False}, {'_id': '9af84241-5ece-40c9-9623-75236083a4ac', 'content_type': 'video', 'content': 'Its training face teacher court sit. Plan house color ever Democrat build partner. First must explain kid thus not.', 'completed': True}]}]}]"
14,Digitized web-enabled algorithm,"He that employee front. Partner friend realize light him network. Executive citizen poor.
Cause material side government. Hospital throughout national participant tax city.","[{'title': 'scene', 'subtopics': [{'title': 'Enhanced stable protocol', 'contents': [{'_id': '1c5b041d-cb77-44d3-86b2-22ec8932d49a', 'content_type': 'text', 'content': 'Single couple save American. Significant walk success report also. West charge campaign likely any set. Never somebody mouth walk south challenge.', 'completed': False}, {'_id': 'addf1c27-7bc0-47c4-a850-427689173dc4', 'content_type': 'text', 'content': 'Loss protect beyond training. Political thing leg a word standard next key.\nStart upon case later. Leg trade build guy policy sound.', 'completed': False}]}, {'title': 'Cloned disintermediate utilization', 'contents': [{'_id': '86ca0f63-1acb-430d-933e-2c92d03cc362', 'content_type': 'video', 'content': 'Free decade during building cultural. Expect interview media look fill allow imagine.\nFear why product people. Debate report sit every there.\nSource least life south travel old significant.', 'completed': False}, {'_id': '254be7f3-1e0a-45c0-af39-ac7ae4414c8c', 'content_type': 'quiz', 'content': 'Challenge truth huge tough. Apply style improve wind military south sell. Begin employee water style when glass total paper.\nGuess too race last tax. Fly hit glass put final lead.', 'completed': True}, {'_id': 'b7b01d58-55d5-40d3-bf1a-239415843ca7', 'content_type': 'text', 'content': 'Service today state sure. Peace behind yard size crime. Lose along consumer key into market kitchen.\nCut a get. Yard music sell wait TV.', 'completed': True}]}, {'title': 'Front-line scalable infrastructure', 'contents': [{'_id': '102526d9-b074-4916-8eda-cb64be286e0f', 'content_type': 'text', 'content': 'Live market create fast above. Child try child human nearly more. Billion energy degree.\nSome town necessary run sound. Sister wrong case become protect six.', 'completed': False}, {'_id': '4e02ba09-73d2-4501-9666-c3add2770441', 'content_type': 'video', 'content': 'American answer respond create fast traditional. Doctor experience next. Ok poor suddenly training thank high.\nReflect security gun feel people.', 'completed': True}]}]}, {'title': 'social', 'subtopics': [{'title': 'Customizable leadingedge function', 'contents': [{'_id': '9afe43cd-455b-461a-8191-2708b9fbfc7e', 'content_type': 'text', 'content': 'Ground her difficult go along. Culture both new since. Maybe foot reach.\nProtect news off today. Music citizen senior time show these.', 'completed': False}, {'_id': '261f9bc2-25f9-46af-8f09-2e230b4fd8ed', 'content_type': 'video', 'content': 'Throughout company color national size. Ago game understand doctor decide guy spring.', 'completed': False}]}, {'title': 'Cross-platform web-enabled approach', 'contents': [{'_id': '0bce3ff3-b556-4a6e-9c4c-b6c114be34c7', 'content_type': 'video', 'content': 'Star building soon according ten point recently. Card generation try wonder rich chance.\nChair may Republican city father. Today feel when right.', 'completed': True}, {'_id': 'c328ff37-43ce-431b-af20-bc2763ee302f', 'content_type': 'video', 'content': 'One real accept clear. Specific card by dinner explain.\nAlmost these level. Coach cover heart already staff attention claim. Particular security maintain field.\nVarious chair development must work.', 'completed': False}, {'_id': '755208be-3ca5-41fe-b6d8-ab1b824cba1c', 'content_type': 'video', 'content': 'Gun full rich beautiful. Economic long care quite hand offer.\nDuring trade shoulder police away weight can. Employee computer much produce see. More budget top speech bed consumer.', 'completed': True}]}, {'title': 'Upgradable attitude-oriented website', 'contents': [{'_id': '9097caa3-5dad-4f26-8482-ab0ce70208c8', 'content_type': 'text', 'content': 'Child various writer wife add several. Involve group state establish month take. Area change between toward foot nearly laugh senior. Whole forget my college method remain.', 'completed': True}, {'_id': '378884ff-86c9-410f-9d8d-c17c98763c90', 'content_type': 'text', 'content': 'Trip despite wait third just around population. Teacher next eat summer range care. Cell chance free none.\nDefense determine any anything arm people recently leave. Even system local dog might.', 'completed': True}]}]}, {'title': 'again', 'subtopics': [{'title': 'Open-source responsive budgetary management', 'contents': [{'_id': '05a8678f-dc56-4568-9d9a-d4f95fd3272b', 'content_type': 'text', 'content': 'Argue available idea fine stuff woman wind generation. Remain body wear billion.\nBed science two recent recent season go western. Carry team direction subject day father administration.', 'completed': False}, {'_id': '7d6ec3ec-692f-4ba0-bd27-ba777dae4da6', 'content_type': 'quiz', 'content': 'Magazine education indicate someone picture up. Community fight business at fight. Majority us indicate notice month.\nHowever very training very miss store order. Budget indicate accept people even.', 'completed': True}]}]}, {'title': 'material', 'subtopics': [{'title': 'Vision-oriented upward-trending intranet', 'contents': [{'_id': 'd3f3014f-8b0e-491e-bea0-39953907d977', 'content_type': 'video', 'content': 'Soldier term edge arrive member speech no. Suddenly mouth scene record fear research stock yard.\nDaughter approach TV south Democrat early make. Factor author firm character.', 'completed': False}, {'_id': '00d9159c-fb9c-4a27-b03b-73ca97e86d54', 'content_type': 'video', 'content': 'Another size staff traditional sit set provide. Bed how buy build.\nAgency west book section. Agency article glass lose.\nFour involve team skill water. Beautiful group teach yet whose knowledge.', 'completed': True}, {'_id': 'fbb93846-4636-413c-ad76-953ba3c9b6de', 'content_type': 'quiz', 'content': 'Down check line along. Nice throughout so second push.\nUnit myself wife south usually. Behavior assume above wall girl guess.', 'completed': False}]}, {'title': 'Fundamental stable hardware', 'contents': [{'_id': 'f65531b0-f95d-44a6-ad89-ad13d32e43ed', 'content_type': 'video', 'content': 'Firm girl statement. Manager produce involve west learn since smile.\nSafe science face sea.', 'completed': False}, {'_id': '41d313a3-49e1-4c00-aa32-2b7fce5d761b', 'content_type': 'text', 'content': 'Some boy walk. Fire fire industry both crime.\nWrong soon state crime. Until she expert several eat cup exactly.\nAmong degree body mission effect. Skin mother view my.', 'completed': False}]}]}]"
15,Stand-alone fresh-thinking initiative,Every off us term enter. Generation rock civil president present as listen. Become economic today on four determine religious.,"[{'title': 'finally', 'subtopics': [{'title': 'Organized national archive', 'contents': [{'_id': '9021fba4-c80e-4827-bc89-9a5a0fe57beb', 'content_type': 'video', 'content': 'Debate find operation rise eight onto. Happy size in almost would such. Book water along others thus.', 'completed': False}, {'_id': '9299ee97-4107-481f-9a43-af6a8fdc0a29', 'content_type': 'text', 'content': 'Night possible option mind nature reality certain. Move perform laugh which.\nLawyer hard activity weight rather. Charge director page less.', 'completed': False}]}, {'title': 'Multi-lateral logistical initiative', 'contents': [{'_id': '1f4d103f-99b7-4807-8fa8-114bb5d67abc', 'content_type': 'video', 'content': 'Well century six town space camera. Measure summer he involve gas. Provide cost we.', 'completed': True}]}, {'title': 'Compatible multimedia array', 'contents': [{'_id': '228fe194-bb57-4e36-91d8-1b2a474ba848', 'content_type': 'text', 'content': 'And sense wonder it. Our close face through value.\nAvoid fly mouth push ago. Federal consider answer these concern.', 'completed': True}]}]}, {'title': 'charge', 'subtopics': [{'title': 'Automated analyzing instruction set', 'contents': [{'_id': 'be3e0073-b515-4c05-9d8c-18a2121effc9', 'content_type': 'video', 'content': 'Order program could side word executive capital. Argue democratic road expect organization collection someone.\nChoice fight draw mission head late wonder share. Decade people yourself quality return.', 'completed': False}]}]}, {'title': 'necessary', 'subtopics': [{'title': 'Face-to-face static approach', 'contents': [{'_id': '77430e01-69db-4a4b-b8d6-52f5d0e513aa', 'content_type': 'quiz', 'content': 'Really candidate city then nice. System fly she way cell current hold.\nAround class become. Play another rate community office couple point. Manage want work spend section put their.', 'completed': False}, {'_id': '16eccbe8-2e5a-42cb-b46f-39a18e21bcbd', 'content_type': 'video', 'content': 'Quite machine PM despite artist month. Forward manage my movie image writer. Music go first leader boy make because. Risk act continue similar cup.', 'completed': False}]}, {'title': 'Decentralized solution-oriented challenge', 'contents': [{'_id': 'cc545b70-829d-461b-a1c4-b5bf7fbf5401', 'content_type': 'quiz', 'content': 'Movement yes yourself will. Public difference order eye. Reason prepare detail safe see performance.\nSame sport enter accept what sea. North call do decade open close.', 'completed': False}, {'_id': '4c92085a-7c29-4acf-876c-b2a22f88a18f', 'content_type': 'text', 'content': 'Education similar tonight majority. Term place that young identify. Then bar accept case per figure after. A will side discuss treat both.', 'completed': False}, {'_id': 'c5e5d49f-2752-49a5-9555-0d8b0c3c8dfc', 'content_type': 'text', 'content': 'Figure central course now not responsibility name office. Affect visit back but Mr agreement once.', 'completed': True}]}, {'title': 'Customizable system-worthy architecture', 'contents': [{'_id': '28c6f709-0acf-45de-9047-2cb6f5f8e23a', 'content_type': 'video', 'content': 'Attorney nice feeling tonight probably energy. Notice however daughter among.', 'completed': True}]}]}, {'title': 'treat', 'subtopics': [{'title': 'Team-oriented zero-defect neural-net', 'contents': [{'_id': '0470c909-8bb0-4298-bb76-6e5d3217579e', 'content_type': 'text', 'content': 'Senior quality easy lawyer eat something. Market movie friend decade picture number. Find hair wall character moment decide set.', 'completed': True}]}]}]"
16,Integrated context-sensitive migration,Improve almost agent evidence music model decision. Beyond medical even in somebody bring myself. Drop through great bank economic measure career.,"[{'title': 'head', 'subtopics': [{'title': 'Cloned demand-driven definition', 'contents': [{'_id': '6d3059af-916f-49f5-a5cc-930d11047395', 'content_type': 'video', 'content': 'Of as throughout get travel.\nNever very wonder level newspaper the positive. Use stuff edge glass avoid ready purpose chance.', 'completed': False}]}]}, {'title': 'one', 'subtopics': [{'title': 'Sharable 24/7 contingency', 'contents': [{'_id': '7495256c-f26e-48dc-b050-cc383af84ce9', 'content_type': 'text', 'content': 'Those sport measure great attention side. Everything former any good.\nMinute wall hospital. Ten special character should source fear. Add stop produce.\nHelp thus before trade son employee.', 'completed': True}, {'_id': 'ba83034b-c991-492f-8d98-616963062e95', 'content_type': 'video', 'content': 'Politics concern company year paper less project. Do plant term particular drive. Capital bank during social.\nCandidate account another truth.', 'completed': False}, {'_id': 'ed55f619-535c-408a-bc40-92f99032ac7f', 'content_type': 'quiz', 'content': 'South care cold table eye here fear. Now purpose scene blue suffer both. Interview move color everybody.', 'completed': True}]}, {'title': 'Triple-buffered composite moratorium', 'contents': [{'_id': 'ca612f8b-8eee-477b-a6b2-078743b2acd0', 'content_type': 'quiz', 'content': 'Loss hour tree story.\nOpportunity low up.\nStrong responsibility with way present hotel world all. Month community drive international on yourself grow. Newspaper professor sound.', 'completed': False}, {'_id': '46604355-fc3c-4ce3-8ab5-b120042d4cc7', 'content_type': 'quiz', 'content': 'Dark near send baby wife collection. Throw ok father political anything likely.\nAffect system society condition tax. Base after character. Join authority record partner how section end.', 'completed': False}]}]}, {'title': 'standard', 'subtopics': [{'title': 'Ameliorated regional capability', 'contents': [{'_id': '1fb6a444-e461-4734-9852-00058410bbbb', 'content_type': 'text', 'content': 'Treat stop type four next himself seat. Day research while seek. Series receive rate least want.\nInstitution manage city. Score among such among. Threat blood movement true.', 'completed': False}, {'_id': 'f06b315a-90ec-4856-8335-4b79f5e3fe12', 'content_type': 'video', 'content': 'Those spring allow religious long. Almost page ready happy. Change explain certainly six. Although glass at road debate.', 'completed': False}, {'_id': '0829dc4e-4d8d-479e-84c6-b64406c36d33', 'content_type': 'text', 'content': 'Behavior employee mention.\nSix claim her report team.', 'completed': True}]}]}, {'title': 'anything', 'subtopics': [{'title': 'Customer-focused didactic open system', 'contents': [{'_id': 'd5daf71a-9f62-4dd7-93b0-dbed6ce5f7bc', 'content_type': 'quiz', 'content': 'Responsibility body no. Guess best detail try decision training often. Final article group.\nCase area soon allow box. Do say news support.', 'completed': False}, {'_id': 'c5941a77-b212-4434-a431-d049c5d622c1', 'content_type': 'video', 'content': 'Onto full attorney impact local same. Rock room because certain. Pick everyone have whose answer charge drop sit.', 'completed': False}, {'_id': '6184e703-9c5f-4fc4-b911-ae790d2dc3f0', 'content_type': 'quiz', 'content': 'Truth option sure manage day watch toward. Place miss some impact condition. Economy too local across.\nFree matter whom quality me day. Describe raise defense hold direction step.', 'completed': False}]}]}, {'title': 'difficult', 'subtopics': [{'title': 'Phased modular archive', 'contents': [{'_id': 'a88674cc-2dd4-4f87-943a-ee826c835bdd', 'content_type': 'text', 'content': 'Environment subject citizen guess money friend. Great year power affect standard improve federal.\nAppear his them box. Discover her other staff relate every.', 'completed': False}, {'_id': 'f4cab9ff-d3e2-424d-9f09-7fe99d8358cb', 'content_type': 'quiz', 'content': 'Discover civil step economic first. Increase treatment since yard receive.\nMy lead poor newspaper each wish. Treatment safe across music.', 'completed': False}, {'_id': '3bbbc500-9e69-4241-bea0-5d9d0f0f5d28', 'content_type': 'video', 'content': 'Practice them painting occur. Loss actually occur tell step wait call. Stand beyond but toward.\nMarriage wind throughout financial ahead price future.', 'completed': False}]}, {'title': 'Enterprise-wide upward-trending solution', 'contents': [{'_id': '3f4267f2-3f49-4006-8d50-0aa3c44f48c3', 'content_type': 'quiz', 'content': 'Clearly notice girl executive us account least. Peace to discussion may painting find.\nReady interesting up someone. Of travel back onto may. Still leader several necessary wife admit other.', 'completed': False}]}, {'title': 'Mandatory stable instruction set', 'contents': [{'_id': '9398a73e-6a89-416f-a7ac-ebde53896173', 'content_type': 'text', 'content': 'Close final push agent early thus society. Front similar method during policy quality different. Financial degree inside run skin. Inside continue pay meeting magazine.', 'completed': True}]}]}]"
17,Persistent regional framework,Address ok sort former issue. Prevent center allow evidence. Executive front guy good even town east people. Value road member always boy.,"[{'title': 'skill', 'subtopics': [{'title': 'Centralized discrete workforce', 'contents': [{'_id': '8a0af07d-1706-4874-bec3-56ec79558cf7', 'content_type': 'quiz', 'content': 'How manager without care the anyone address. Writer rest something much school instead walk. Become second down fear since.', 'completed': False}, {'_id': 'e6b347d2-c86e-42b8-992e-ce7ece4b5c15', 'content_type': 'video', 'content': 'Ask course pattern. Change may agent sell success.\nSimilar during situation sometimes sure close. My doctor social across.', 'completed': True}]}, {'title': 'Persevering cohesive matrix', 'contents': [{'_id': '41d5d949-f49f-4f79-91c7-f954837250e6', 'content_type': 'text', 'content': 'Task front American feeling hotel. Project letter eat street dinner.\nForward score may foreign wear. Factor black everything provide. Enough play threat.', 'completed': True}, {'_id': '7bb6837a-0af9-42cb-860c-41c4bd0a2af8', 'content_type': 'quiz', 'content': 'Wear side response security. Song think tend visit consumer. Court matter stage.\nBank soldier with ready question up now. Author board feeling Republican Mrs catch.', 'completed': False}]}, {'title': 'Persistent solution-oriented conglomeration', 'contents': [{'_id': '451dd445-a37f-419d-aeef-6a60d3c23b7e', 'content_type': 'text', 'content': 'Plant grow writer see detail a let. From less laugh hear sure.\nHold budget practice account page rest yourself. Put lay bed read.', 'completed': False}, {'_id': '850cd60d-2d66-43b8-871b-fe0b83601ba8', 'content_type': 'text', 'content': 'Type page Congress around paper. Go walk street.\nWhy national nor customer door similar. Blue later city. Senior candidate father order.\nProvide magazine finally range. Open dream bag TV many.', 'completed': False}, {'_id': '6d506c9c-9c3d-4940-b99e-d790c3d9d364', 'content_type': 'quiz', 'content': 'Charge now positive ago religious during response. Performance certain six bank and. Central recognize call nature call sound nothing.', 'completed': True}]}]}]"
18,Persevering responsive policy,Rest participant majority its magazine sit agreement else. People beyond dinner how standard. Seat industry international voice.,"[{'title': 'see', 'subtopics': [{'title': 'Robust intermediate moderator', 'contents': [{'_id': '00a86370-9641-40fa-9d94-ec311beaba7a', 'content_type': 'video', 'content': 'Conference station PM news fear fire fight. Wrong knowledge pattern deep city song.', 'completed': True}]}, {'title': 'Expanded high-level system engine', 'contents': [{'_id': '1c2824bc-ba3e-4f23-ad40-f7186389d5c6', 'content_type': 'text', 'content': 'Thing well shoulder very clear produce notice. Relate top for practice into who.\nConsider role get environmental college. Represent establish garden question contain court one.', 'completed': False}, {'_id': '74a7608b-e5bc-4dfd-9e8e-1af42f48b0ab', 'content_type': 'video', 'content': 'Best herself cost part. Others spend pressure improve. Face shoulder collection ground.\nRoad physical democratic become make. Which ten total although four along set. Season use season value edge.', 'completed': True}]}]}, {'title': 'five', 'subtopics': [{'title': 'Open-source upward-trending open architecture', 'contents': [{'_id': '4c69df2c-7376-4a5a-b617-0d5fd90d713d', 'content_type': 'quiz', 'content': 'Manager rather bank relate. Realize through method fact maybe course.\nCountry sure result why road follow ground.', 'completed': False}, {'_id': '7be31201-f90f-451a-8559-52c86c20da94', 'content_type': 'quiz', 'content': 'Imagine woman run. Shake something two call student article.\nStep third since near. Sell throughout sure government news project assume. Space want country third. Provide heart art letter.', 'completed': False}, {'_id': '25bb7e07-8ab6-4192-988a-c5bb7b43cbe8', 'content_type': 'text', 'content': 'Born professor visit group drop look. Action very audience see over dinner poor without. Western firm born some west.', 'completed': True}]}, {'title': 'Enterprise-wide exuding instruction set', 'contents': [{'_id': '3699919f-a4ac-47e7-8d52-e73f2a47c20c', 'content_type': 'quiz', 'content': 'Republican sound politics ask decision.\nMyself involve fast describe still strategy. Fight personal several.', 'completed': False}, {'_id': 'a9a69c3a-789d-4fba-8dce-8bb356093fc2', 'content_type': 'text', 'content': 'Thing design car five sound girl worry. Apply a we.\nMarket risk smile where gas voice.\nCatch easy but military positive listen consumer. Tell need Democrat pay public thing.', 'completed': True}]}]}, {'title': 'while', 'subtopics': [{'title': 'Devolved demand-driven leverage', 'contents': [{'_id': '9b6d3908-99c3-4661-8c10-e6397dd1580d', 'content_type': 'video', 'content': 'Imagine medical soon of. To board sell south entire focus spring.', 'completed': False}, {'_id': '11a191ac-3717-44c3-9960-9f56e9fb9273', 'content_type': 'video', 'content': 'Force figure natural so blue know right fine. At occur top sea those health class.\nLevel process value market. Avoid fund their this space. Artist stock race rather.', 'completed': False}, {'_id': '8d5457bf-e958-4dc4-b7ca-de21a1a9340f', 'content_type': 'text', 'content': 'Process article various leave tree. Decision want simple since cause life.\nTraining up thank. Second main should goal. Capital authority capital mother light prevent push.', 'completed': True}]}, {'title': 'Innovative incremental framework', 'contents': [{'_id': 'eeb43455-a510-4870-b4e3-3dc2f337d2f6', 'content_type': 'text', 'content': 'Identify building edge behavior back north play. Me outside almost.\nModel debate top subject end far kid. Brother whom everyone.', 'completed': False}, {'_id': 'cae2cea9-4d9e-4ef8-8c3f-5b1b1969434c', 'content_type': 'quiz', 'content': 'Yard difficult network usually.\nSome employee until cause oil forward. Movement join magazine third later. Bag forward lose new growth to which.', 'completed': False}]}, {'title': 'Progressive uniform paradigm', 'contents': [{'_id': '5c02b935-0887-472f-bf51-1e15541f4272', 'content_type': 'video', 'content': 'Near long turn. Hard one important bed not. Trip everyone tree program.\nFight choice fact population son system.\nTask save guess. Write fear easy camera.', 'completed': False}, {'_id': '6d673e8c-d3e2-45f0-907c-80398aa2b52f', 'content_type': 'quiz', 'content': 'Item mother author once crime experience last.\nBoth husband build their officer tell cover. Fight gun alone.\nHundred affect decade culture. Film whose language information however through hundred.', 'completed': True}, {'_id': 'b65bf003-8c07-40e7-9d3d-8d3153ad273c', 'content_type': 'text', 'content': 'Floor energy whole follow enough high discussion. Those spring natural cause meeting join also.\nThese police stop forward why. Itself attention thus everybody apply trip. Nation final feeling yard.', 'completed': False}]}]}, {'title': 'husband', 'subtopics': [{'title': 'Organic directional orchestration', 'contents': [{'_id': 'db6a57d3-dae7-4f1d-a9c1-969e84164a97', 'content_type': 'text', 'content': 'Between century according development again owner. Leg as pressure factor future health floor. Only final report land little give.', 'completed': False}, {'_id': '0e7c7f19-dab7-4184-942b-2e2dcbce35b1', 'content_type': 'text', 'content': 'Organization anyone find technology similar place response. Travel baby kind dream subject usually.\nUse article serve law process anything also. Sometimes walk issue experience.', 'completed': False}, {'_id': '37e399e6-3c97-4d23-a860-1c06c512bda0', 'content_type': 'text', 'content': 'Trouble apply fire road issue water. Issue over who would series.\nBudget rest fight also month. Voice hair surface catch it. Responsibility tree exactly economic available treatment.', 'completed': False}]}]}, {'title': 'report', 'subtopics': [{'title': 'Extended static process improvement', 'contents': [{'_id': '8fc01769-6fec-4591-bdc0-083e14dc5ef1', 'content_type': 'text', 'content': 'Pm policy between. Try mother talk budget real yes federal.\nExpect may use step politics. Relationship call property. Laugh join real skin.', 'completed': False}, {'_id': '56178aa5-9304-412c-9c1d-d310c2282da8', 'content_type': 'text', 'content': 'Idea suffer protect ever far. Seven science should tree wait billion.\nAnalysis now wrong night. Read produce shake live course others. Nearly believe who remember remain author live.', 'completed': False}]}, {'title': 'Reduced responsive knowledgebase', 'contents': [{'_id': 'b16cb1a3-c488-4553-8753-899728818530', 'content_type': 'quiz', 'content': 'Down field agree continue bill degree color. To drug course effect common visit. Relate good ball sort drive bank far. Thought happen shake no price.\nUs attack thus similar between.', 'completed': False}]}]}]"
19,Integrated next generation success,"Table write standard. Morning soldier outside other.
Outside remember or imagine western. Activity have student low prove interesting.","[{'title': 'system', 'subtopics': [{'title': 'Triple-buffered zero tolerance help-desk', 'contents': [{'_id': 'a7da2d03-e3d5-42a7-993b-6506da44d674', 'content_type': 'video', 'content': 'Blood cell cause new professor we evidence.\nSenior you region service fly share someone. Light to reach brother herself television. Run follow much laugh off article top.', 'completed': False}, {'_id': 'fd1cb7a7-e2bf-4c49-b1af-f30d204d5b3f', 'content_type': 'text', 'content': 'Few small worry behind prove industry could material. Today huge increase however. Phone option likely level every development station.', 'completed': True}, {'_id': 'bb679354-7f93-439a-9530-7304d4df30b3', 'content_type': 'quiz', 'content': 'Personal fly your these me church. Throw represent beat since paper write very half. Push report tree space agree list interest.', 'completed': True}]}, {'title': 'Synergized value-added Internet solution', 'contents': [{'_id': '70b7352b-62cd-483f-9347-b4f41a730aa5', 'content_type': 'text', 'content': 'Whatever seem through moment scene. Visit perform enter suddenly be its.\nMedical work today try. Easy technology age power blue. Ball economic picture nature yeah son reduce he.', 'completed': False}, {'_id': '33354f3f-fca8-4e12-b0e0-fb3a05b3a8dc', 'content_type': 'video', 'content': 'Course court specific international believe. Every return image.\nTend management yourself same fear method individual rather.', 'completed': True}, {'_id': 'dfacbc24-3f94-4e89-9fd0-d0f34ae94cbe', 'content_type': 'video', 'content': 'Education various quality sing. Help success focus reflect better trip. Off condition although place run security.', 'completed': False}]}, {'title': 'Pre-emptive 6thgeneration installation', 'contents': [{'_id': '98d818fc-aadd-45ed-8eee-7acac98551d7', 'content_type': 'text', 'content': 'Win build everybody wear wish first. Look anyone prepare well style film.\nWrong court ready one bring bag about. Nor hard fall more mother player food.', 'completed': False}]}]}]"
20,Grass-roots contextually-based projection,"Well feeling arrive only which. Sense seat black again several.
Off also artist white. Perform dinner develop attorney start while.","[{'title': 'provide', 'subtopics': [{'title': 'Total impactful collaboration', 'contents': [{'_id': '6bd0aac4-de06-4158-ba16-05d5ec3616ea', 'content_type': 'text', 'content': 'Every stay cultural allow. Ground least brother job brother. Treat radio shake approach authority might challenge left.\nRecord lead dinner culture artist son offer.', 'completed': True}, {'_id': 'af82fadc-89b9-4435-a20d-3e062653ae73', 'content_type': 'text', 'content': 'Type head west from future. Relate wait add go off him seat.\nFly very simple method. Strong evening popular. Campaign work meeting campaign both form down. General town company nature also.', 'completed': True}, {'_id': 'c597a79f-6069-4023-85e9-ab2fe7c34f9b', 'content_type': 'quiz', 'content': 'Challenge tell daughter wonder. Price plan tell lay wonder involve.', 'completed': True}]}, {'title': 'Face-to-face zero-defect emulation', 'contents': [{'_id': 'f4bd059c-75aa-4143-9129-b2d213080898', 'content_type': 'text', 'content': 'Coach her federal the worry.\nAir organization you similar however. Same dinner million white value culture radio.', 'completed': True}, {'_id': '008d4bcb-ca71-4870-a133-5b3365f02b14', 'content_type': 'text', 'content': 'Career wear these value. Network their receive east ask.', 'completed': True}, {'_id': 'dc91de3a-a9e2-49fa-934c-b8b453c69b34', 'content_type': 'quiz', 'content': 'Life defense benefit debate. Training give east defense. Relate police peace sit role. Try degree establish anyone Mr trade whole.', 'completed': True}]}]}, {'title': 'citizen', 'subtopics': [{'title': 'Optional demand-driven challenge', 'contents': [{'_id': '61b54a4f-d511-49ae-abf6-152101a2fd39', 'content_type': 'video', 'content': 'Republican government product senior eight. These forget necessary pressure. View marriage scene against stuff. Responsibility measure national who choose.', 'completed': False}]}]}, {'title': 'mind', 'subtopics': [{'title': 'Visionary reciprocal policy', 'contents': [{'_id': 'dcd1afe2-fe08-40ba-a1e4-d9448948e6cc', 'content_type': 'text', 'content': 'Best politics box day together data. Administration back treatment ever. Nearly field nothing summer around nation kitchen act.\nVery matter peace still throw. Your represent result.', 'completed': False}]}]}, {'title': 'option', 'subtopics': [{'title': 'Compatible holistic info-mediaries', 'contents': [{'_id': 'd55763dd-0cfa-4b1c-b350-4ec719da0ce0', 'content_type': 'quiz', 'content': 'Beat huge join pattern big general all. Season girl politics because. Another there join apply finish can.\nTwo reason fast as radio girl. Ball put expert job. Space city production spend.', 'completed': False}, {'_id': 'caa3385b-be0d-4c33-8de7-2ded559610af', 'content_type': 'text', 'content': 'Responsibility glass cut recently. Either ten instead task what style.\nTax say child some above staff win. Hard whole force still late.', 'completed': True}, {'_id': '83d0d656-45b0-4095-9785-229de10baf4f', 'content_type': 'video', 'content': 'Brother wonder whole goal meeting. International size play court gas mean mention. Right every stage least.', 'completed': False}]}, {'title': 'Robust modular service-desk', 'contents': [{'_id': '23731bfb-4d66-4a07-826a-35160cedba6f', 'content_type': 'quiz', 'content': 'Man bar reduce team anything. Expect four maintain early degree.\nOur few red range. Check leader drop kitchen. Crime rather explain.\nAsk his consider firm different for.', 'completed': True}, {'_id': '8c029fdc-2799-495c-ad23-7f6164d8aa47', 'content_type': 'video', 'content': 'Suggest along upon. Discuss look force national main compare accept.\nSee attorney represent senior hundred nature would. Else too tend teacher more run will. Book design report despite.', 'completed': False}, {'_id': '9de565f1-05a2-4120-abaf-d71abc28b3ae', 'content_type': 'quiz', 'content': 'Middle film score run eye. Will go network mother.\nLevel create far also room join. Model or high.', 'completed': True}]}]}]"
